<?xml version="1.0" encoding="UTF-8"?>
<Configuration monitorInterval="60">
    <Properties>
        <Property name="log-path">logs</Property>
        <Property name="archive">${log-path}/archive</Property>
    </Properties>
    <Appenders>
        <Console name="Console" target="SYSTEM_OUT">
            <PatternLayout
                pattern="%style{%d{ISO8601}}{white} %highlight{%-5level }[%style{%t}{bright,blue}] %style{%C{1.}}{bright,yellow}: %msg%n%throwable" />
        </Console>
        <File name="File"
            fileName="./${log-path}/app2.log">
            <PatternLayout>
                <pattern>%d %p %C{1.} [%t] %m%n</pattern>
            </PatternLayout>
        </File>
        <RollingFile name="RollingFile"
            fileName="./${log-path}/app.log"
            filePattern="./${log-path}/$${date:yyyy-MM}/app-%d{-dd-MMMM-yyyy}-%i.log.gz">
            <PatternLayout>
                <pattern>%d %p %C{1.} [%t] %m%n</pattern>
            </PatternLayout>
            <Policies>
                <!-- rollover on startup, daily and when the file reaches 
                    10 MegaBytes -->
                <OnStartupTriggeringPolicy />
                <SizeBasedTriggeringPolicy
                    size="10 MB" />
                <TimeBasedTriggeringPolicy />
            </Policies>
        </RollingFile>
    </Appenders>
    <Loggers>
        <Logger name="Group3" level="debug">
            <AppenderRef ref="File" level="info" />
        </Logger>
        <Root level="error">
            <AppenderRef ref="Console" />
        </Root>
    </Loggers>
</Configuration>